-- phpMyAdmin SQL Dump
-- version 4.1.14
-- http://www.phpmyadmin.net
--
-- Servidor: 127.0.0.1
-- Tiempo de generación: 25-11-2014 a las 19:40:22
-- Versión del servidor: 5.6.17
-- Versión de PHP: 5.5.12

SET SQL_MODE = "NO_AUTO_VALUE_ON_ZERO";
SET time_zone = "+00:00";


/*!40101 SET @OLD_CHARACTER_SET_CLIENT=@@CHARACTER_SET_CLIENT */;
/*!40101 SET @OLD_CHARACTER_SET_RESULTS=@@CHARACTER_SET_RESULTS */;
/*!40101 SET @OLD_COLLATION_CONNECTION=@@COLLATION_CONNECTION */;
/*!40101 SET NAMES utf8 */;

--
-- Base de datos: `aerolineas`
--

-- --------------------------------------------------------

--
-- Estructura de tabla para la tabla `aeropuerto`
--

CREATE TABLE IF NOT EXISTS `aeropuerto` (
  `cod` int(11) NOT NULL DEFAULT '0',
  `nombre` varchar(50) NOT NULL,
  `direccion` varchar(50) NOT NULL,
  `ciudad` varchar(50) NOT NULL,
  `cod_pcia` int(11) NOT NULL,
  PRIMARY KEY (`cod`),
  KEY `cod_pcia` (`cod_pcia`)
) ENGINE=InnoDB DEFAULT CHARSET=latin1;

--
-- Volcado de datos para la tabla `aeropuerto`
--

INSERT INTO `aeropuerto` (`cod`, `nombre`, `direccion`, `ciudad`, `cod_pcia`) VALUES
(1, 'Aeropuerto Gobernador Francisco Gabrielli', 'Costa rica 56', 'Guaymayen', 1),
(2, 'Aeropuerto Ingeniero Ambrosio Taravella', 'Jujuy 789', 'Cordoba', 2),
(3, 'Aeropuerto Ministro Pistarini', 'Callao 567', 'Ezeiza', 3),
(4, 'Aeropuerto Martín Miguel de Güemes', 'San Martin 900', 'Salta', 4),
(5, 'Aeropuerto Porto Alegre', 'Figueiras 788', 'Porto Alegre', 5),
(6, 'Aeropuerto Rio de Janeiro', 'Kilo 2132', 'Rio de Janeiro', 6),
(7, 'Aeropuerto Puerto Arenas', 'Shilenos 78', 'Puerto Arenas', 7),
(8, 'Aeropuerto Internacional de Lima', 'Ajo 900', 'Lima', 8),
(9, 'Aeropuerto Kennedy', 'Yankees 678', 'New York', 9),
(10, 'Aeropuerto Internacional de Roma', 'Fetuccini 555', 'Roma', 10),
(11, 'Aeropuerto de Madrid', 'Gilipoias 698', 'Madrid', 11),
(12, 'Aeropuerto Internacional de Berlin', 'Strujen 9874', 'Berlin', 12),
(13, 'Aeropuerto Internacional de Shangai', 'Notene Pila 666', 'Shangai', 13);

-- --------------------------------------------------------

--
-- Estructura de tabla para la tabla `asiento`
--

CREATE TABLE IF NOT EXISTS `asiento` (
  `cod` int(11) NOT NULL AUTO_INCREMENT,
  `numero` int(11) NOT NULL,
  `fila` int(11) NOT NULL,
  `columna` varchar(1) NOT NULL,
  `pasillo` tinyint(1) DEFAULT NULL,
  `ventanilla` tinyint(1) DEFAULT NULL,
  `cod_clase` int(11) NOT NULL,
  `cod_tiene` int(11) NOT NULL,
  PRIMARY KEY (`cod`),
  KEY `cod_clase` (`cod_clase`),
  KEY `cod_tiene` (`cod_tiene`)
) ENGINE=InnoDB  DEFAULT CHARSET=latin1 AUTO_INCREMENT=517 ;

--
-- Volcado de datos para la tabla `asiento`
--

INSERT INTO `asiento` (`cod`, `numero`, `fila`, `columna`, `pasillo`, `ventanilla`, `cod_clase`, `cod_tiene`) VALUES
(1, 1, 2, '2', 0, 1, 1, 1),
(2, 2, 2, '3', 0, 0, 1, 1),
(3, 3, 2, '4', 1, 0, 1, 1),
(4, 4, 2, '7', 1, 0, 1, 1),
(5, 5, 2, '8', 0, 0, 1, 1),
(6, 6, 2, '9', 0, 1, 1, 1),
(7, 7, 4, '2', 0, 1, 1, 1),
(8, 8, 4, '3', 0, 0, 1, 1),
(9, 9, 4, '4', 1, 0, 1, 1),
(10, 10, 4, '7', 1, 0, 1, 1),
(11, 11, 4, '8', 0, 0, 1, 1),
(12, 12, 4, '9', 0, 1, 1, 1),
(13, 13, 7, '2', 0, 1, 2, 1),
(14, 14, 7, '3', 0, 0, 2, 1),
(15, 15, 7, '4', 1, 0, 2, 1),
(16, 16, 7, '7', 1, 0, 2, 1),
(17, 17, 7, '8', 0, 0, 2, 1),
(18, 18, 7, '9', 0, 1, 2, 1),
(19, 19, 8, '2', 0, 1, 2, 1),
(20, 20, 8, '3', 0, 0, 2, 1),
(21, 21, 8, '4', 1, 0, 2, 1),
(22, 22, 8, '7', 1, 0, 2, 1),
(23, 23, 8, '8', 0, 0, 2, 1),
(24, 24, 8, '9', 0, 1, 2, 1),
(25, 25, 9, '2', 0, 1, 2, 1),
(26, 26, 9, '3', 0, 0, 2, 1),
(27, 27, 9, '4', 1, 0, 2, 1),
(28, 28, 9, '7', 1, 0, 2, 1),
(29, 29, 9, '8', 0, 0, 2, 1),
(30, 30, 9, '9', 0, 1, 2, 1),
(31, 31, 10, '2', 0, 1, 2, 1),
(32, 32, 10, '3', 0, 0, 2, 1),
(33, 33, 10, '4', 1, 0, 2, 1),
(34, 34, 10, '7', 1, 0, 2, 1),
(35, 35, 10, '8', 0, 0, 2, 1),
(36, 36, 10, '9', 0, 1, 2, 1),
(37, 37, 11, '2', 0, 1, 2, 1),
(38, 38, 11, '3', 0, 0, 2, 1),
(39, 39, 11, '4', 1, 0, 2, 1),
(40, 40, 11, '7', 1, 0, 2, 1),
(41, 41, 11, '8', 0, 0, 2, 1),
(42, 42, 11, '9', 0, 1, 2, 1),
(43, 43, 12, '2', 0, 1, 2, 1),
(44, 44, 12, '3', 0, 0, 2, 1),
(45, 45, 12, '4', 1, 0, 2, 1),
(46, 46, 12, '7', 1, 0, 2, 1),
(47, 47, 12, '8', 0, 0, 2, 1),
(48, 48, 12, '9', 0, 1, 2, 1),
(49, 49, 13, '2', 0, 1, 2, 1),
(50, 50, 13, '3', 0, 0, 2, 1),
(51, 51, 13, '4', 1, 0, 2, 1),
(52, 52, 13, '7', 1, 0, 2, 1),
(53, 53, 13, '8', 0, 0, 2, 1),
(54, 54, 13, '9', 0, 1, 2, 1),
(55, 55, 14, '2', 0, 1, 2, 1),
(56, 56, 14, '3', 0, 0, 2, 1),
(57, 57, 14, '4', 1, 0, 2, 1),
(58, 58, 14, '7', 1, 0, 2, 1),
(59, 59, 14, '8', 0, 0, 2, 1),
(60, 60, 14, '9', 0, 1, 2, 1),
(61, 1, 2, '2', 0, 1, 1, 2),
(62, 2, 2, '3', 0, 0, 1, 2),
(63, 3, 2, '4', 1, 0, 1, 2),
(64, 4, 2, '7', 1, 0, 1, 2),
(65, 5, 2, '8', 0, 0, 1, 2),
(66, 6, 2, '9', 0, 1, 1, 2),
(67, 7, 4, '2', 0, 1, 1, 2),
(68, 8, 4, '3', 0, 0, 1, 2),
(69, 9, 4, '4', 1, 0, 1, 2),
(70, 10, 4, '7', 1, 0, 1, 2),
(71, 11, 4, '8', 0, 0, 1, 2),
(72, 12, 4, '9', 0, 1, 1, 2),
(73, 13, 7, '2', 0, 1, 1, 2),
(74, 14, 7, '3', 0, 0, 1, 2),
(75, 15, 7, '4', 1, 0, 1, 2),
(76, 16, 7, '7', 1, 0, 1, 2),
(77, 17, 7, '8', 0, 0, 1, 2),
(78, 18, 7, '9', 0, 1, 1, 2),
(79, 19, 8, '2', 0, 1, 2, 2),
(80, 20, 8, '3', 0, 0, 2, 2),
(81, 21, 8, '4', 1, 0, 2, 2),
(82, 22, 8, '7', 1, 0, 2, 2),
(83, 23, 8, '8', 0, 0, 2, 2),
(84, 24, 8, '9', 0, 1, 2, 2),
(85, 25, 9, '2', 0, 1, 2, 2),
(86, 26, 9, '3', 0, 0, 2, 2),
(87, 27, 9, '4', 1, 0, 2, 2),
(88, 28, 9, '7', 1, 0, 2, 2),
(89, 29, 9, '8', 0, 0, 2, 2),
(90, 30, 9, '9', 0, 1, 2, 2),
(91, 31, 10, '2', 0, 1, 2, 2),
(92, 32, 10, '3', 0, 0, 2, 2),
(93, 33, 10, '4', 1, 0, 2, 2),
(94, 34, 10, '7', 1, 0, 2, 2),
(95, 35, 10, '8', 0, 0, 2, 2),
(96, 36, 10, '9', 0, 1, 2, 2),
(97, 37, 11, '2', 0, 1, 2, 2),
(98, 38, 11, '3', 0, 0, 2, 2),
(99, 39, 11, '4', 1, 0, 2, 2),
(100, 40, 11, '7', 1, 0, 2, 2),
(101, 41, 11, '8', 0, 0, 2, 2),
(102, 42, 11, '9', 0, 1, 2, 2),
(103, 43, 12, '2', 0, 1, 2, 2),
(104, 44, 12, '3', 0, 0, 2, 2),
(105, 45, 12, '4', 1, 0, 2, 2),
(106, 46, 12, '7', 1, 0, 2, 2),
(107, 47, 12, '8', 0, 0, 2, 2),
(108, 48, 12, '9', 0, 1, 2, 2),
(109, 49, 13, '2', 0, 1, 2, 2),
(110, 50, 13, '3', 0, 0, 2, 2),
(111, 51, 13, '4', 1, 0, 2, 2),
(112, 52, 13, '7', 1, 0, 2, 2),
(113, 53, 13, '8', 0, 0, 2, 2),
(114, 54, 13, '9', 0, 1, 2, 2),
(115, 55, 14, '2', 0, 1, 2, 2),
(116, 56, 14, '3', 0, 0, 2, 2),
(117, 57, 14, '4', 1, 0, 2, 2),
(118, 58, 14, '7', 1, 0, 2, 2),
(119, 59, 14, '8', 0, 0, 2, 2),
(120, 60, 14, '9', 0, 1, 2, 2),
(121, 61, 15, '2', 0, 1, 2, 2),
(122, 62, 15, '3', 0, 0, 2, 2),
(123, 63, 15, '4', 1, 0, 2, 2),
(124, 64, 15, '7', 1, 0, 2, 2),
(125, 65, 15, '8', 0, 0, 2, 2),
(126, 66, 15, '9', 0, 1, 2, 2),
(127, 67, 16, '2', 0, 1, 2, 2),
(128, 68, 16, '3', 0, 0, 2, 2),
(129, 69, 16, '4', 1, 0, 2, 2),
(130, 70, 16, '7', 1, 0, 2, 2),
(131, 71, 16, '8', 0, 0, 2, 2),
(132, 72, 16, '9', 0, 1, 2, 2),
(133, 73, 17, '2', 0, 1, 2, 2),
(134, 74, 17, '3', 0, 0, 2, 2),
(135, 75, 17, '4', 1, 0, 2, 2),
(136, 76, 17, '7', 1, 0, 2, 2),
(137, 77, 17, '8', 0, 0, 2, 2),
(138, 78, 17, '9', 0, 1, 2, 2),
(139, 79, 18, '2', 0, 1, 2, 2),
(140, 80, 18, '3', 0, 0, 2, 2),
(141, 81, 18, '4', 1, 0, 2, 2),
(142, 82, 18, '7', 1, 0, 2, 2),
(143, 83, 18, '8', 0, 0, 2, 2),
(144, 84, 18, '9', 0, 1, 2, 2),
(145, 85, 19, '2', 0, 1, 2, 2),
(146, 86, 19, '3', 0, 0, 2, 2),
(147, 87, 19, '4', 1, 0, 2, 2),
(148, 88, 19, '7', 1, 0, 2, 2),
(149, 89, 19, '8', 0, 0, 2, 2),
(150, 90, 19, '9', 0, 1, 2, 2),
(151, 1, 2, '2', 0, 1, 1, 3),
(152, 2, 2, '3', 0, 0, 1, 3),
(153, 3, 2, '4', 1, 0, 1, 3),
(154, 4, 2, '7', 1, 0, 1, 3),
(155, 5, 2, '8', 0, 0, 1, 3),
(156, 6, 2, '9', 0, 1, 1, 3),
(157, 7, 4, '2', 0, 1, 1, 3),
(158, 8, 4, '3', 0, 0, 1, 3),
(159, 9, 4, '4', 1, 0, 1, 3),
(160, 10, 4, '7', 1, 0, 1, 3),
(161, 11, 4, '8', 0, 0, 1, 3),
(162, 12, 4, '9', 0, 1, 1, 3),
(163, 13, 6, '2', 0, 1, 1, 3),
(164, 14, 6, '2', 1, 0, 1, 3),
(165, 15, 6, '8', 1, 0, 1, 3),
(166, 16, 6, '9', 0, 1, 1, 3),
(167, 17, 8, '2', 0, 1, 2, 3),
(168, 18, 8, '3', 1, 0, 2, 3),
(169, 19, 8, '5', 1, 0, 2, 3),
(170, 20, 8, '6', 1, 0, 2, 3),
(171, 21, 8, '8', 1, 0, 2, 3),
(172, 22, 8, '9', 0, 1, 2, 3),
(173, 23, 9, '2', 0, 1, 2, 3),
(174, 24, 9, '3', 1, 0, 2, 3),
(175, 25, 9, '5', 1, 0, 2, 3),
(176, 26, 9, '6', 1, 0, 2, 3),
(177, 27, 9, '8', 1, 0, 2, 3),
(178, 28, 9, '9', 0, 1, 2, 3),
(179, 29, 10, '2', 0, 1, 2, 3),
(180, 30, 10, '3', 1, 0, 2, 3),
(181, 31, 10, '5', 1, 0, 2, 3),
(182, 32, 10, '6', 1, 0, 2, 3),
(183, 33, 10, '8', 1, 0, 2, 3),
(184, 34, 10, '9', 0, 1, 2, 3),
(185, 35, 11, '2', 0, 1, 2, 3),
(186, 36, 11, '3', 1, 0, 2, 3),
(187, 37, 11, '5', 1, 0, 2, 3),
(188, 38, 11, '6', 1, 0, 2, 3),
(189, 39, 11, '8', 1, 0, 2, 3),
(190, 40, 11, '9', 0, 1, 2, 3),
(191, 41, 12, '2', 0, 1, 2, 3),
(192, 42, 12, '3', 1, 0, 2, 3),
(193, 43, 12, '5', 1, 0, 2, 3),
(194, 44, 12, '6', 1, 0, 2, 3),
(195, 45, 12, '8', 1, 0, 2, 3),
(196, 46, 12, '9', 0, 1, 2, 3),
(197, 47, 13, '2', 0, 1, 2, 3),
(198, 48, 13, '3', 1, 0, 2, 3),
(199, 49, 13, '5', 1, 0, 2, 3),
(200, 50, 13, '6', 1, 0, 2, 3),
(201, 51, 13, '8', 1, 0, 2, 3),
(202, 52, 13, '9', 0, 1, 2, 3),
(203, 53, 14, '2', 0, 1, 2, 3),
(204, 54, 14, '3', 1, 0, 2, 3),
(205, 55, 14, '5', 1, 0, 2, 3),
(206, 56, 14, '6', 1, 0, 2, 3),
(207, 57, 14, '8', 1, 0, 2, 3),
(208, 58, 14, '9', 0, 1, 2, 3),
(209, 59, 15, '2', 0, 1, 2, 3),
(210, 60, 15, '3', 1, 0, 2, 3),
(211, 61, 15, '5', 1, 0, 2, 3),
(212, 62, 15, '6', 1, 0, 2, 3),
(213, 63, 15, '8', 1, 0, 2, 3),
(214, 64, 15, '9', 0, 1, 2, 3),
(215, 65, 16, '2', 0, 1, 2, 3),
(216, 66, 16, '3', 1, 0, 2, 3),
(217, 67, 16, '5', 1, 0, 2, 3),
(218, 68, 16, '6', 1, 0, 2, 3),
(219, 69, 16, '8', 1, 0, 2, 3),
(220, 70, 16, '9', 0, 1, 2, 3),
(221, 71, 17, '2', 0, 1, 2, 3),
(222, 72, 17, '3', 1, 0, 2, 3),
(223, 73, 17, '5', 1, 0, 2, 3),
(224, 74, 17, '6', 1, 0, 2, 3),
(225, 75, 17, '8', 1, 0, 2, 3),
(226, 76, 17, '9', 0, 1, 2, 3),
(227, 77, 18, '2', 0, 1, 2, 3),
(228, 78, 18, '3', 1, 0, 2, 3),
(229, 79, 18, '5', 1, 0, 2, 3),
(230, 80, 18, '6', 1, 0, 2, 3),
(231, 81, 18, '8', 1, 0, 2, 3),
(232, 82, 18, '9', 0, 1, 2, 3),
(233, 83, 19, '2', 0, 1, 2, 3),
(234, 84, 19, '3', 1, 0, 2, 3),
(235, 85, 19, '5', 1, 0, 2, 3),
(236, 86, 19, '6', 1, 0, 2, 3),
(237, 87, 19, '8', 1, 0, 2, 3),
(238, 88, 19, '9', 0, 1, 2, 3),
(239, 89, 20, '2', 0, 1, 2, 3),
(240, 90, 20, '3', 1, 0, 2, 3),
(241, 91, 20, '5', 1, 0, 2, 3),
(242, 92, 20, '6', 1, 0, 2, 3),
(243, 93, 20, '8', 1, 0, 2, 3),
(244, 94, 20, '9', 0, 1, 2, 3),
(245, 95, 21, '2', 0, 1, 2, 3),
(246, 96, 21, '3', 1, 0, 2, 3),
(247, 97, 21, '5', 1, 0, 2, 3),
(248, 98, 21, '6', 1, 0, 2, 3),
(249, 99, 21, '8', 1, 0, 2, 3),
(250, 100, 21, '9', 0, 1, 2, 3),
(251, 101, 22, '2', 0, 1, 2, 3),
(252, 102, 22, '3', 1, 0, 2, 3),
(253, 103, 22, '5', 1, 0, 2, 3),
(254, 104, 22, '6', 1, 0, 2, 3),
(255, 105, 22, '8', 1, 0, 2, 3),
(256, 106, 22, '9', 0, 1, 2, 3),
(257, 107, 23, '2', 0, 1, 2, 3),
(258, 108, 23, '3', 1, 0, 2, 3),
(259, 109, 23, '5', 1, 0, 2, 3),
(260, 110, 23, '6', 1, 0, 2, 3),
(261, 111, 23, '8', 1, 0, 2, 3),
(262, 112, 23, '9', 0, 1, 2, 3),
(263, 1, 2, '2', 0, 1, 1, 4),
(264, 2, 2, '4', 1, 0, 1, 4),
(265, 3, 2, '7', 1, 0, 1, 4),
(266, 4, 2, '9', 0, 1, 1, 4),
(267, 5, 4, '2', 0, 1, 1, 4),
(268, 6, 4, '4', 1, 0, 1, 4),
(269, 7, 4, '7', 1, 0, 1, 4),
(270, 8, 4, '9', 0, 1, 1, 4),
(271, 9, 6, '2', 0, 1, 1, 4),
(272, 10, 6, '4', 1, 0, 1, 4),
(273, 11, 6, '7', 1, 0, 1, 4),
(274, 12, 6, '9', 0, 1, 1, 4),
(275, 13, 8, '2', 0, 1, 1, 4),
(276, 14, 8, '4', 1, 0, 1, 4),
(277, 15, 8, '7', 1, 0, 1, 4),
(278, 16, 8, '9', 0, 1, 1, 4),
(279, 17, 10, '2', 0, 1, 2, 4),
(280, 18, 10, '3', 0, 0, 2, 4),
(281, 19, 10, '4', 1, 0, 2, 4),
(282, 20, 10, '7', 1, 0, 2, 4),
(283, 21, 10, '8', 0, 0, 2, 4),
(284, 22, 10, '9', 0, 1, 2, 4),
(285, 23, 11, '2', 0, 1, 2, 4),
(286, 24, 11, '3', 0, 0, 2, 4),
(287, 25, 11, '4', 1, 0, 2, 4),
(288, 26, 11, '7', 1, 0, 2, 4),
(289, 27, 11, '8', 0, 0, 2, 4),
(290, 28, 11, '9', 0, 1, 2, 4),
(291, 29, 12, '2', 0, 1, 2, 4),
(292, 30, 12, '3', 0, 0, 2, 4),
(293, 31, 12, '4', 1, 0, 2, 4),
(294, 32, 12, '7', 1, 0, 2, 4),
(295, 33, 12, '8', 0, 0, 2, 4),
(296, 34, 12, '9', 0, 1, 2, 4),
(297, 35, 13, '2', 0, 1, 2, 4),
(298, 36, 13, '3', 0, 0, 2, 4),
(299, 37, 13, '4', 1, 0, 2, 4),
(300, 38, 13, '7', 1, 0, 2, 4),
(301, 39, 13, '8', 0, 0, 2, 4),
(302, 40, 13, '9', 0, 1, 2, 4),
(303, 41, 14, '2', 0, 1, 2, 4),
(304, 42, 14, '3', 0, 0, 2, 4),
(305, 43, 14, '4', 1, 0, 2, 4),
(306, 44, 14, '7', 1, 0, 2, 4),
(307, 45, 14, '8', 0, 0, 2, 4),
(308, 46, 14, '9', 0, 1, 2, 4),
(309, 47, 15, '2', 0, 1, 2, 4),
(310, 48, 15, '3', 0, 0, 2, 4),
(311, 49, 15, '4', 1, 0, 2, 4),
(312, 50, 15, '7', 1, 0, 2, 4),
(313, 51, 15, '8', 0, 0, 2, 4),
(314, 52, 15, '9', 0, 1, 2, 4),
(315, 53, 16, '2', 0, 1, 2, 4),
(316, 54, 16, '3', 0, 0, 2, 4),
(317, 55, 16, '4', 1, 0, 2, 4),
(318, 56, 16, '7', 1, 0, 2, 4),
(319, 57, 16, '8', 0, 0, 2, 4),
(320, 58, 16, '9', 0, 1, 2, 4),
(321, 59, 17, '2', 0, 1, 2, 4),
(322, 60, 17, '3', 0, 0, 2, 4),
(323, 61, 17, '4', 1, 0, 2, 4),
(324, 62, 17, '7', 1, 0, 2, 4),
(325, 63, 17, '8', 0, 0, 2, 4),
(326, 64, 17, '9', 0, 1, 2, 4),
(327, 65, 18, '2', 0, 1, 2, 4),
(328, 66, 18, '3', 0, 0, 2, 4),
(329, 67, 18, '4', 1, 0, 2, 4),
(330, 68, 18, '7', 1, 0, 2, 4),
(331, 69, 18, '8', 0, 0, 2, 4),
(332, 70, 18, '9', 0, 1, 2, 4),
(333, 71, 19, '2', 0, 1, 2, 4),
(334, 72, 19, '3', 0, 0, 2, 4),
(335, 73, 19, '4', 1, 0, 2, 4),
(336, 74, 19, '7', 1, 0, 2, 4),
(337, 75, 19, '8', 0, 0, 2, 4),
(338, 76, 19, '9', 0, 1, 2, 4),
(339, 77, 20, '2', 0, 1, 2, 4),
(340, 78, 20, '3', 0, 0, 2, 4),
(341, 79, 20, '4', 1, 0, 2, 4),
(342, 80, 20, '7', 1, 0, 2, 4),
(343, 81, 20, '8', 0, 0, 2, 4),
(344, 82, 20, '9', 0, 1, 2, 4),
(345, 83, 21, '2', 0, 1, 2, 4),
(346, 84, 21, '3', 0, 0, 2, 4),
(347, 85, 21, '4', 1, 0, 2, 4),
(348, 86, 21, '7', 1, 0, 2, 4),
(349, 87, 21, '8', 0, 0, 2, 4),
(350, 88, 21, '9', 0, 1, 2, 4),
(351, 89, 22, '2', 0, 1, 2, 4),
(352, 90, 22, '3', 0, 0, 2, 4),
(353, 91, 22, '4', 1, 0, 2, 4),
(354, 92, 22, '7', 1, 0, 2, 4),
(355, 93, 22, '8', 0, 0, 2, 4),
(356, 94, 22, '9', 0, 1, 2, 4),
(357, 95, 23, '2', 0, 1, 2, 4),
(358, 96, 23, '3', 0, 0, 2, 4),
(359, 97, 23, '4', 1, 0, 2, 4),
(360, 98, 23, '7', 1, 0, 2, 4),
(361, 99, 23, '8', 0, 0, 2, 4),
(362, 100, 23, '9', 0, 1, 2, 4),
(363, 101, 24, '2', 0, 1, 2, 4),
(364, 102, 24, '3', 0, 0, 2, 4),
(365, 103, 24, '4', 1, 0, 2, 4),
(366, 104, 24, '7', 1, 0, 2, 4),
(367, 105, 24, '8', 0, 0, 2, 4),
(368, 106, 24, '9', 0, 1, 2, 4),
(369, 107, 25, '2', 0, 1, 2, 4),
(370, 108, 25, '3', 0, 0, 2, 4),
(371, 109, 25, '4', 1, 0, 2, 4),
(372, 110, 25, '7', 1, 0, 2, 4),
(373, 111, 25, '8', 0, 0, 2, 4),
(374, 112, 25, '9', 0, 1, 2, 4),
(375, 113, 26, '2', 0, 1, 2, 4),
(376, 114, 26, '3', 0, 0, 2, 4),
(377, 115, 26, '4', 1, 0, 2, 4),
(378, 116, 26, '7', 1, 0, 2, 4),
(379, 117, 26, '8', 0, 0, 2, 4),
(380, 118, 26, '9', 0, 1, 2, 4),
(381, 1, 2, '2', 0, 1, 1, 5),
(382, 2, 2, '4', 1, 0, 1, 5),
(383, 3, 2, '7', 1, 0, 1, 5),
(384, 4, 2, '9', 0, 1, 1, 5),
(385, 5, 4, '2', 0, 1, 1, 5),
(386, 6, 4, '4', 1, 0, 1, 5),
(387, 7, 4, '7', 1, 0, 1, 5),
(388, 8, 4, '9', 0, 1, 1, 5),
(389, 9, 6, '2', 0, 1, 1, 5),
(390, 10, 6, '4', 1, 0, 1, 5),
(391, 11, 6, '7', 1, 0, 1, 5),
(392, 12, 6, '9', 0, 1, 1, 5),
(393, 13, 8, '2', 0, 1, 1, 5),
(394, 14, 8, '4', 1, 0, 1, 5),
(395, 15, 8, '7', 1, 0, 1, 5),
(396, 16, 8, '9', 0, 1, 1, 5),
(397, 17, 10, '2', 0, 1, 2, 5),
(398, 18, 10, '3', 0, 0, 2, 5),
(399, 19, 10, '4', 1, 0, 2, 5),
(400, 20, 10, '7', 1, 0, 2, 5),
(401, 21, 10, '8', 0, 0, 2, 5),
(402, 22, 10, '9', 0, 1, 2, 5),
(403, 23, 11, '2', 0, 1, 2, 5),
(404, 24, 11, '3', 0, 0, 2, 5),
(405, 25, 11, '4', 1, 0, 2, 5),
(406, 26, 11, '7', 1, 0, 2, 5),
(407, 27, 11, '8', 0, 0, 2, 5),
(408, 28, 11, '9', 0, 1, 2, 5),
(409, 29, 12, '2', 0, 1, 2, 5),
(410, 30, 12, '3', 0, 0, 2, 5),
(411, 31, 12, '4', 1, 0, 2, 5),
(412, 32, 12, '7', 1, 0, 2, 5),
(413, 33, 12, '8', 0, 0, 2, 5),
(414, 34, 12, '9', 0, 1, 2, 5),
(415, 35, 13, '2', 0, 1, 2, 5),
(416, 36, 13, '3', 0, 0, 2, 5),
(417, 37, 13, '4', 1, 0, 2, 5),
(418, 38, 13, '7', 1, 0, 2, 5),
(419, 39, 13, '8', 0, 0, 2, 5),
(420, 40, 13, '9', 0, 1, 2, 5),
(421, 41, 14, '2', 0, 1, 2, 5),
(422, 42, 14, '3', 0, 0, 2, 5),
(423, 43, 14, '4', 1, 0, 2, 5),
(424, 44, 14, '7', 1, 0, 2, 5),
(425, 45, 14, '8', 0, 0, 2, 5),
(426, 46, 14, '9', 0, 1, 2, 5),
(427, 47, 15, '2', 0, 1, 2, 5),
(428, 48, 15, '3', 0, 0, 2, 5),
(429, 49, 15, '4', 1, 0, 2, 5),
(430, 50, 15, '7', 1, 0, 2, 5),
(431, 51, 15, '8', 0, 0, 2, 5),
(432, 52, 15, '9', 0, 1, 2, 5),
(433, 53, 16, '2', 0, 1, 2, 5),
(434, 54, 16, '3', 0, 0, 2, 5),
(435, 55, 16, '4', 1, 0, 2, 5),
(436, 56, 16, '7', 1, 0, 2, 5),
(437, 57, 16, '8', 0, 0, 2, 5),
(438, 58, 16, '9', 0, 1, 2, 5),
(439, 59, 17, '2', 0, 1, 2, 5),
(440, 60, 17, '3', 0, 0, 2, 5),
(441, 61, 17, '4', 1, 0, 2, 5),
(442, 62, 17, '7', 1, 0, 2, 5),
(443, 63, 17, '8', 0, 0, 2, 5),
(444, 64, 17, '9', 0, 1, 2, 5),
(445, 65, 18, '2', 0, 1, 2, 5),
(446, 66, 18, '3', 0, 0, 2, 5),
(447, 67, 18, '4', 1, 0, 2, 5),
(448, 68, 18, '7', 1, 0, 2, 5),
(449, 69, 18, '8', 0, 0, 2, 5),
(450, 70, 18, '9', 0, 1, 2, 5),
(451, 71, 19, '2', 0, 1, 2, 5),
(452, 72, 19, '3', 0, 0, 2, 5),
(453, 73, 19, '4', 1, 0, 2, 5),
(454, 74, 19, '7', 1, 0, 2, 5),
(455, 75, 19, '8', 0, 0, 2, 5),
(456, 76, 19, '9', 0, 1, 2, 5),
(457, 77, 20, '2', 0, 1, 2, 5),
(458, 78, 20, '3', 0, 0, 2, 5),
(459, 79, 20, '4', 1, 0, 2, 5),
(460, 80, 20, '7', 1, 0, 2, 5),
(461, 81, 20, '8', 0, 0, 2, 5),
(462, 82, 20, '9', 0, 1, 2, 5),
(463, 83, 21, '2', 0, 1, 2, 5),
(464, 84, 21, '3', 0, 0, 2, 5),
(465, 85, 21, '4', 1, 0, 2, 5),
(466, 86, 21, '7', 1, 0, 2, 5),
(467, 87, 21, '8', 0, 0, 2, 5),
(468, 88, 21, '9', 0, 1, 2, 5),
(469, 89, 22, '2', 0, 1, 2, 5),
(470, 90, 22, '3', 0, 0, 2, 5),
(471, 91, 22, '4', 1, 0, 2, 5),
(472, 92, 22, '7', 1, 0, 2, 5),
(473, 93, 22, '8', 0, 0, 2, 5),
(474, 94, 22, '9', 0, 1, 2, 5),
(475, 95, 23, '2', 0, 1, 2, 5),
(476, 96, 23, '3', 0, 0, 2, 5),
(477, 97, 23, '4', 1, 0, 2, 5),
(478, 98, 23, '7', 1, 0, 2, 5),
(479, 99, 23, '8', 0, 0, 2, 5),
(480, 100, 23, '9', 0, 1, 2, 5),
(481, 101, 24, '2', 0, 1, 2, 5),
(482, 102, 24, '3', 0, 0, 2, 5),
(483, 103, 24, '4', 1, 0, 2, 5),
(484, 104, 24, '7', 1, 0, 2, 5),
(485, 105, 24, '8', 0, 0, 2, 5),
(486, 106, 24, '9', 0, 1, 2, 5),
(487, 107, 25, '2', 0, 1, 2, 5),
(488, 108, 25, '3', 0, 0, 2, 5),
(489, 109, 25, '4', 1, 0, 2, 5),
(490, 110, 25, '7', 1, 0, 2, 5),
(491, 111, 25, '8', 0, 0, 2, 5),
(492, 112, 25, '9', 0, 1, 2, 5),
(493, 113, 26, '2', 0, 1, 2, 5),
(494, 114, 26, '3', 0, 0, 2, 5),
(495, 115, 26, '4', 1, 0, 2, 5),
(496, 116, 26, '7', 1, 0, 2, 5),
(497, 117, 26, '8', 0, 0, 2, 5),
(498, 118, 26, '9', 0, 1, 2, 5),
(499, 119, 27, '2', 0, 1, 2, 5),
(500, 120, 27, '3', 0, 0, 2, 5),
(501, 121, 27, '4', 1, 0, 2, 5),
(502, 122, 27, '7', 1, 0, 2, 5),
(503, 123, 27, '8', 0, 0, 2, 5),
(504, 124, 27, '9', 0, 1, 2, 5),
(505, 125, 28, '2', 0, 1, 2, 5),
(506, 126, 28, '3', 0, 0, 2, 5),
(507, 127, 28, '4', 1, 0, 2, 5),
(508, 128, 28, '7', 1, 0, 2, 5),
(509, 129, 28, '8', 0, 0, 2, 5),
(510, 130, 28, '9', 0, 1, 2, 5),
(511, 131, 29, '2', 0, 1, 2, 5),
(512, 132, 29, '3', 0, 0, 2, 5),
(513, 133, 29, '4', 1, 0, 2, 5),
(514, 134, 29, '7', 1, 0, 2, 5),
(515, 135, 29, '8', 0, 0, 2, 5),
(516, 136, 29, '9', 0, 1, 2, 5);

-- --------------------------------------------------------

--
-- Estructura de tabla para la tabla `avion`
--

CREATE TABLE IF NOT EXISTS `avion` (
  `cod` int(11) NOT NULL AUTO_INCREMENT,
  `marca` varchar(30) NOT NULL,
  `modelo` varchar(30) NOT NULL,
  `cod_tipo` int(11) NOT NULL,
  PRIMARY KEY (`cod`),
  KEY `cod_tipo` (`cod_tipo`)
) ENGINE=InnoDB  DEFAULT CHARSET=latin1 AUTO_INCREMENT=6 ;

--
-- Volcado de datos para la tabla `avion`
--

INSERT INTO `avion` (`cod`, `marca`, `modelo`, `cod_tipo`) VALUES
(1, 'boing', '747', 1),
(2, 'Boeing', '737', 2),
(3, 'Boeing', '689', 3),
(4, 'Embraer', 'ER145', 4),
(5, 'Embraer', 'ER560', 5);

-- --------------------------------------------------------

--
-- Estructura de tabla para la tabla `clase`
--

CREATE TABLE IF NOT EXISTS `clase` (
  `cod` int(11) NOT NULL AUTO_INCREMENT,
  `tipo` varchar(25) NOT NULL,
  PRIMARY KEY (`cod`)
) ENGINE=InnoDB  DEFAULT CHARSET=latin1 AUTO_INCREMENT=3 ;

--
-- Volcado de datos para la tabla `clase`
--

INSERT INTO `clase` (`cod`, `tipo`) VALUES
(1, 'Primera'),
(2, 'Economica');

-- --------------------------------------------------------

--
-- Estructura de tabla para la tabla `cuesta`
--

CREATE TABLE IF NOT EXISTS `cuesta` (
  `cod` int(11) NOT NULL AUTO_INCREMENT,
  `precio` float NOT NULL,
  `cod_vuelo` int(11) NOT NULL,
  `cod_clase` int(11) NOT NULL,
  PRIMARY KEY (`cod`),
  KEY `cod_vuelo` (`cod_vuelo`,`cod_clase`),
  KEY `cod_clase` (`cod_clase`)
) ENGINE=InnoDB  DEFAULT CHARSET=latin1 AUTO_INCREMENT=321 ;

--
-- Volcado de datos para la tabla `cuesta`
--

INSERT INTO `cuesta` (`cod`, `precio`, `cod_vuelo`, `cod_clase`) VALUES
(1, 1000, 1, 2),
(2, 1500, 1, 1),
(3, 1200, 2, 2),
(4, 1800, 2, 1),
(5, 1300, 3, 2),
(6, 1950, 3, 1),
(7, 1400, 4, 2),
(8, 2100, 4, 1),
(9, 1500, 5, 2),
(10, 2250, 5, 1),
(11, 1000, 6, 2),
(12, 1500, 6, 1),
(13, 1200, 7, 2),
(14, 1800, 7, 1),
(15, 1300, 8, 2),
(16, 1950, 8, 1),
(17, 1400, 9, 2),
(18, 2100, 9, 1),
(19, 1500, 10, 2),
(20, 2250, 10, 1),
(21, 1000, 11, 2),
(22, 1500, 11, 1),
(23, 1200, 12, 2),
(24, 1800, 12, 1),
(25, 1300, 13, 2),
(26, 1950, 13, 1),
(27, 1400, 14, 2),
(28, 2100, 14, 1),
(29, 1500, 15, 2),
(30, 2250, 15, 1),
(31, 1000, 16, 2),
(32, 1500, 16, 1),
(33, 1200, 17, 2),
(34, 1800, 17, 1),
(35, 1300, 18, 2),
(36, 1950, 18, 1),
(37, 1400, 19, 2),
(38, 2100, 19, 1),
(39, 1500, 20, 2),
(40, 2250, 20, 1),
(41, 1000, 21, 2),
(42, 1500, 21, 1),
(43, 1200, 22, 2),
(44, 1800, 22, 1),
(45, 1300, 23, 2),
(46, 1950, 23, 1),
(47, 1400, 24, 2),
(48, 2100, 24, 1),
(49, 1500, 25, 2),
(50, 2250, 25, 1),
(51, 1000, 26, 2),
(52, 1500, 26, 1),
(53, 1200, 27, 2),
(54, 1800, 27, 1),
(55, 1300, 28, 2),
(56, 1950, 28, 1),
(57, 1400, 29, 2),
(58, 2100, 29, 1),
(59, 1500, 30, 2),
(60, 2250, 30, 1),
(61, 1000, 31, 2),
(62, 1500, 31, 1),
(63, 1200, 32, 2),
(64, 1800, 32, 1),
(65, 1300, 33, 2),
(66, 1950, 33, 1),
(67, 1400, 34, 2),
(68, 2100, 34, 1),
(69, 1500, 35, 2),
(70, 2250, 35, 1),
(71, 1000, 36, 2),
(72, 1500, 36, 1),
(73, 1200, 37, 2),
(74, 1800, 37, 1),
(75, 1300, 38, 2),
(76, 1950, 38, 1),
(77, 1400, 39, 2),
(78, 2100, 39, 1),
(79, 1500, 40, 2),
(80, 2250, 40, 1),
(81, 1000, 41, 2),
(82, 1500, 41, 1),
(83, 1200, 42, 2),
(84, 1800, 42, 1),
(85, 1300, 43, 2),
(86, 1950, 43, 1),
(87, 1400, 44, 2),
(88, 2100, 44, 1),
(89, 1500, 45, 2),
(90, 2250, 45, 1),
(91, 1000, 46, 2),
(92, 1500, 46, 1),
(93, 1200, 47, 2),
(94, 1800, 47, 1),
(95, 1300, 48, 2),
(96, 1950, 48, 1),
(97, 1400, 49, 2),
(98, 2100, 49, 1),
(99, 1500, 50, 2),
(100, 2250, 50, 1),
(101, 1000, 51, 2),
(102, 1500, 51, 1),
(103, 1200, 52, 2),
(104, 1800, 52, 1),
(105, 1300, 53, 2),
(106, 1950, 53, 1),
(107, 1400, 54, 2),
(108, 2100, 54, 1),
(109, 1500, 55, 2),
(110, 2250, 55, 1),
(111, 1000, 56, 2),
(112, 1500, 56, 1),
(113, 1200, 57, 2),
(114, 1800, 57, 1),
(115, 1300, 58, 2),
(116, 1950, 58, 1),
(117, 1400, 59, 2),
(118, 2100, 59, 1),
(119, 1500, 60, 2),
(120, 2250, 60, 1),
(121, 1000, 61, 2),
(122, 1500, 61, 1),
(123, 1200, 62, 2),
(124, 1800, 62, 1),
(125, 1300, 63, 2),
(126, 1950, 63, 1),
(127, 1400, 64, 2),
(128, 2100, 64, 1),
(129, 1500, 65, 2),
(130, 2250, 65, 1),
(131, 1000, 66, 2),
(132, 1500, 66, 1),
(133, 1200, 67, 2),
(134, 1800, 67, 1),
(135, 1300, 68, 2),
(136, 1950, 68, 1),
(137, 1400, 69, 2),
(138, 2100, 69, 1),
(139, 1500, 70, 2),
(140, 2250, 70, 1),
(141, 1000, 71, 2),
(142, 1500, 71, 1),
(143, 1200, 72, 2),
(144, 1800, 72, 1),
(145, 1300, 73, 2),
(146, 1950, 73, 1),
(147, 1400, 74, 2),
(148, 2100, 74, 1),
(149, 1500, 75, 2),
(150, 2250, 75, 1),
(151, 1000, 76, 2),
(152, 1500, 76, 1),
(153, 1200, 77, 2),
(154, 1800, 77, 1),
(155, 1300, 78, 2),
(156, 1950, 78, 1),
(157, 1400, 79, 2),
(158, 2100, 79, 1),
(159, 1500, 80, 2),
(160, 2250, 80, 1),
(161, 1000, 81, 2),
(162, 1500, 81, 1),
(163, 1200, 82, 2),
(164, 1800, 82, 1),
(165, 1300, 83, 2),
(166, 1950, 83, 1),
(167, 1400, 84, 2),
(168, 2100, 84, 1),
(169, 1500, 85, 2),
(170, 2250, 85, 1),
(171, 1000, 86, 2),
(172, 1500, 86, 1),
(173, 1200, 87, 2),
(174, 1800, 87, 1),
(175, 1300, 88, 2),
(176, 1950, 88, 1),
(177, 1400, 89, 2),
(178, 2100, 89, 1),
(179, 1500, 90, 2),
(180, 2250, 90, 1),
(181, 1000, 91, 2),
(182, 1500, 91, 1),
(183, 1200, 92, 2),
(184, 1800, 92, 1),
(185, 1300, 93, 2),
(186, 1950, 93, 1),
(187, 1400, 94, 2),
(188, 2100, 94, 1),
(189, 1500, 95, 2),
(190, 2250, 95, 1),
(191, 1000, 96, 2),
(192, 1500, 96, 1),
(193, 1200, 97, 2),
(194, 1800, 97, 1),
(195, 1300, 98, 2),
(196, 1950, 98, 1),
(197, 1400, 99, 2),
(198, 2100, 99, 1),
(199, 1500, 100, 2),
(200, 2250, 100, 1),
(201, 1000, 101, 2),
(202, 1500, 101, 1),
(203, 1200, 102, 2),
(204, 1800, 102, 1),
(205, 1300, 103, 2),
(206, 1950, 103, 1),
(207, 1400, 104, 2),
(208, 2100, 104, 1),
(209, 1500, 105, 2),
(210, 2250, 105, 1),
(211, 1000, 106, 2),
(212, 1500, 106, 1),
(213, 1200, 107, 2),
(214, 1800, 107, 1),
(215, 1300, 108, 2),
(216, 1950, 108, 1),
(217, 1400, 109, 2),
(218, 2100, 109, 1),
(219, 1500, 110, 2),
(220, 2250, 110, 1),
(221, 1000, 111, 2),
(222, 1500, 111, 1),
(223, 1200, 112, 2),
(224, 1800, 112, 1),
(225, 1300, 113, 2),
(226, 1950, 113, 1),
(227, 1400, 114, 2),
(228, 2100, 114, 1),
(229, 1500, 115, 2),
(230, 2250, 115, 1),
(231, 1000, 116, 2),
(232, 1500, 116, 1),
(233, 1200, 117, 2),
(234, 1800, 117, 1),
(235, 1300, 118, 2),
(236, 1950, 118, 1),
(237, 1400, 119, 2),
(238, 2100, 119, 1),
(239, 1500, 120, 2),
(240, 2250, 120, 1),
(241, 1000, 121, 2),
(242, 1500, 121, 1),
(243, 1200, 122, 2),
(244, 1800, 122, 1),
(245, 1300, 123, 2),
(246, 1950, 123, 1),
(247, 1400, 124, 2),
(248, 2100, 124, 1),
(249, 1500, 125, 2),
(250, 2250, 125, 1),
(251, 1000, 126, 2),
(252, 1500, 126, 1),
(253, 1200, 127, 2),
(254, 1800, 127, 1),
(255, 1300, 128, 2),
(256, 1950, 128, 1),
(257, 1400, 129, 2),
(258, 2100, 129, 1),
(259, 1500, 130, 2),
(260, 2250, 130, 1),
(261, 1000, 131, 2),
(262, 1500, 131, 1),
(263, 1200, 132, 2),
(264, 1800, 132, 1),
(265, 1300, 133, 2),
(266, 1950, 133, 1),
(267, 1400, 134, 2),
(268, 2100, 134, 1),
(269, 1500, 135, 2),
(270, 2250, 135, 1),
(271, 1000, 136, 2),
(272, 1500, 136, 1),
(273, 1200, 137, 2),
(274, 1800, 137, 1),
(275, 1300, 138, 2),
(276, 1950, 138, 1),
(277, 1400, 139, 2),
(278, 2100, 139, 1),
(279, 1500, 140, 2),
(280, 2250, 140, 1),
(281, 1000, 141, 2),
(282, 1500, 141, 1),
(283, 1200, 142, 2),
(284, 1800, 142, 1),
(285, 1300, 143, 2),
(286, 1950, 143, 1),
(287, 1400, 144, 2),
(288, 2100, 144, 1),
(289, 1500, 145, 2),
(290, 2250, 145, 1),
(291, 1000, 146, 2),
(292, 1500, 146, 1),
(293, 1200, 147, 2),
(294, 1800, 147, 1),
(295, 1300, 148, 2),
(296, 1950, 148, 1),
(297, 1400, 149, 2),
(298, 2100, 149, 1),
(299, 1500, 150, 2),
(300, 2250, 150, 1),
(301, 1000, 151, 2),
(302, 1500, 151, 1),
(303, 1200, 152, 2),
(304, 1800, 152, 1),
(305, 1300, 153, 2),
(306, 1950, 153, 1),
(307, 1400, 154, 2),
(308, 2100, 154, 1),
(309, 1500, 155, 2),
(310, 2250, 155, 1),
(311, 1000, 156, 2),
(312, 1500, 156, 1),
(313, 1200, 157, 2),
(314, 1800, 157, 1),
(315, 1300, 158, 2),
(316, 1950, 158, 1),
(317, 1400, 159, 2),
(318, 2100, 159, 1),
(319, 1500, 160, 2),
(320, 2250, 160, 1);

-- --------------------------------------------------------

--
-- Estructura de tabla para la tabla `pais`
--

CREATE TABLE IF NOT EXISTS `pais` (
  `cod` int(11) NOT NULL AUTO_INCREMENT,
  `nombre` varchar(50) NOT NULL,
  PRIMARY KEY (`cod`)
) ENGINE=InnoDB  DEFAULT CHARSET=latin1 AUTO_INCREMENT=10 ;

--
-- Volcado de datos para la tabla `pais`
--

INSERT INTO `pais` (`cod`, `nombre`) VALUES
(1, 'argentina'),
(2, 'Brasil'),
(3, 'Chile'),
(4, 'Peru'),
(5, 'EEUU'),
(6, 'Italia'),
(7, 'España'),
(8, 'Alemania'),
(9, 'China');

-- --------------------------------------------------------

--
-- Estructura de tabla para la tabla `pasajero`
--

CREATE TABLE IF NOT EXISTS `pasajero` (
  `dni` int(11) NOT NULL AUTO_INCREMENT,
  `apellido` varchar(32) NOT NULL,
  `nombre` varchar(32) NOT NULL,
  `mail` varchar(60) NOT NULL,
  `f_nac` date NOT NULL,
  PRIMARY KEY (`dni`)
) ENGINE=InnoDB  DEFAULT CHARSET=latin1 AUTO_INCREMENT=11333223 ;

--
-- Volcado de datos para la tabla `pasajero`
--

INSERT INTO `pasajero` (`dni`, `apellido`, `nombre`, `mail`, `f_nac`) VALUES
(11111111, 'fulanito', 'cosme', 'cosme@fulanito.com.ar', '1980-01-01'),
(11222111, 'basualdo', 'b', 'b@basualdo.com', '1984-11-01'),
(11222222, 'b', 'pepe', 'pepe@b.com', '1984-11-01'),
(11222333, 'basualdo', 'a', 'pepe@basualdo.com', '1984-11-01'),
(11222444, 'basualdo', 'a', 'pepe@basualdo.com', '1984-11-01'),
(11222555, 'c', 'b', 'b@q.com', '2014-10-01'),
(11222666, 'prueba', 'pepe', 'pepe@prueba.com', '2014-11-01'),
(11222777, 'pruebita', 'pepito', 'pepeito@prueba.com', '2014-11-02'),
(11222888, 'prueba', 'a', 'a@prueba.com', '2014-11-03'),
(11222999, 'basualdo', 'pepe', 'pepe@basualdo.com', '1984-11-01'),
(11333111, 'basualdo', 'pepe', 'pepe@basualdo.com', '1984-11-01'),
(11333222, 'basualdo', 'pepe', 'pepe@prueba.com', '1984-11-01');

-- --------------------------------------------------------

--
-- Estructura de tabla para la tabla `pcia`
--

CREATE TABLE IF NOT EXISTS `pcia` (
  `cod` int(11) NOT NULL AUTO_INCREMENT,
  `nombre` varchar(50) NOT NULL,
  `cod_pais` int(11) NOT NULL,
  PRIMARY KEY (`cod`),
  KEY `cod_pais` (`cod_pais`)
) ENGINE=InnoDB  DEFAULT CHARSET=latin1 AUTO_INCREMENT=14 ;

--
-- Volcado de datos para la tabla `pcia`
--

INSERT INTO `pcia` (`cod`, `nombre`, `cod_pais`) VALUES
(1, 'Mendoza', 1),
(2, 'Cordoba', 1),
(3, 'Buenos Aires', 1),
(4, 'Salta', 1),
(5, 'Porto Alegre', 2),
(6, 'Rio de Janeiro', 2),
(7, 'Punta Arenas', 3),
(8, 'Lima', 4),
(9, 'New York', 5),
(10, 'Roma', 6),
(11, 'Madrid', 7),
(12, 'Berlin', 8),
(13, 'Shangai', 9);

-- --------------------------------------------------------

--
-- Estructura de tabla para la tabla `reserva`
--

CREATE TABLE IF NOT EXISTS `reserva` (
  `cod` int(11) NOT NULL AUTO_INCREMENT,
  `num_reserva` varchar(20) NOT NULL,
  `factura` double DEFAULT NULL,
  `checkin` tinyint(1) NOT NULL,
  `cod_asiento` int(11) DEFAULT NULL,
  `cod_vuelo` int(11) NOT NULL,
  `cod_pasajero` int(11) NOT NULL,
  `clase` int(11) NOT NULL DEFAULT '0',
  PRIMARY KEY (`cod`),
  KEY `cod_asiento` (`cod_asiento`,`cod_vuelo`,`cod_pasajero`),
  KEY `cod_pasajero` (`cod_pasajero`),
  KEY `cod_vuelo` (`cod_vuelo`)
) ENGINE=InnoDB  DEFAULT CHARSET=latin1 AUTO_INCREMENT=33 ;

--
-- Volcado de datos para la tabla `reserva`
--

INSERT INTO `reserva` (`cod`, `num_reserva`, `factura`, `checkin`, `cod_asiento`, `cod_vuelo`, `cod_pasajero`, `clase`) VALUES
(2, 'Kcsnl', 2, 1, 111, 2, 11222444, 2),
(3, 'Kcsnl', 2, 1, 192, 3, 11222444, 2),
(6, 'bMy1B', 0, 0, NULL, 2, 11222555, 1),
(7, 'bMy1B', 0, 0, NULL, 3, 11222555, 1),
(9, 'FLN9H', 0, 0, 67, 2, 11222666, 1),
(11, 'TgTKq', 0, 0, 140, 2, 11222777, 2),
(13, 'KsZah', 0, 0, NULL, 2, 11222888, 2),
(14, 'c5Mql', 1, 1, 84, 2, 11222999, 2),
(15, 'c5Mql', 1, 1, 180, 3, 11222999, 2),
(16, '2bKPS', 0, 0, NULL, 2, 11222333, 2),
(18, 'cVpQk', 1, 0, NULL, 3, 11222111, 2),
(20, 'aTpLn', 0, 0, NULL, 3, 11222444, 2),
(21, 'Sxeq2', 0, 0, NULL, 2, 11222444, 2),
(22, 'HU34T', 0, 0, NULL, 2, 11222444, 2),
(23, 'XJYLh', 0, 0, NULL, 3, 11222444, 2),
(24, 'qBGUL', 0, 0, NULL, 2, 11222444, 2),
(26, 'C7U9k', 0, 0, NULL, 2, 11333111, 2),
(28, 'ELcsL', 0, 0, NULL, 3, 11333222, 1),
(31, 'dthZ5', 3, 0, NULL, 32, 11111111, 2),
(32, 'dthZ5', 3, 0, NULL, 55, 11111111, 2);

-- --------------------------------------------------------

--
-- Estructura de tabla para la tabla `tipo`
--

CREATE TABLE IF NOT EXISTS `tipo` (
  `cod` int(11) NOT NULL AUTO_INCREMENT,
  `numero` int(11) NOT NULL,
  `total_plazas` int(11) NOT NULL,
  PRIMARY KEY (`cod`)
) ENGINE=InnoDB  DEFAULT CHARSET=latin1 AUTO_INCREMENT=6 ;

--
-- Volcado de datos para la tabla `tipo`
--

INSERT INTO `tipo` (`cod`, `numero`, `total_plazas`) VALUES
(1, 1, 60),
(2, 2, 90),
(3, 3, 112),
(4, 4, 118),
(5, 5, 150);

-- --------------------------------------------------------

--
-- Estructura de tabla para la tabla `vuelo`
--

CREATE TABLE IF NOT EXISTS `vuelo` (
  `cod` int(11) NOT NULL AUTO_INCREMENT,
  `fecha_sal` datetime NOT NULL,
  `fecha_llegada` datetime NOT NULL,
  `cod_se_dirige_a` int(11) NOT NULL,
  `cod_parte_de` int(11) NOT NULL,
  `cod_asignado_a` int(11) NOT NULL,
  PRIMARY KEY (`cod`),
  KEY `cod_se_dirige_a` (`cod_se_dirige_a`),
  KEY `cod_parte_de` (`cod_parte_de`),
  KEY `cod_asignado_a` (`cod_asignado_a`),
  KEY `cod_cuesta` (`cod_se_dirige_a`,`cod_parte_de`,`cod_asignado_a`) USING BTREE
) ENGINE=InnoDB  DEFAULT CHARSET=latin1 AUTO_INCREMENT=161 ;

--
-- Volcado de datos para la tabla `vuelo`
--

INSERT INTO `vuelo` (`cod`, `fecha_sal`, `fecha_llegada`, `cod_se_dirige_a`, `cod_parte_de`, `cod_asignado_a`) VALUES
(1, '2014-11-26 22:00:00', '2014-11-27 03:00:00', 2, 1, 4),
(2, '2014-12-16 22:00:00', '2014-12-17 03:00:00', 8, 3, 5),
(3, '2014-12-22 22:00:00', '2014-12-23 03:00:00', 3, 8, 2),
(4, '2014-12-15 22:00:00', '2014-12-16 03:00:00', 8, 3, 5),
(5, '2014-11-27 22:00:00', '2014-11-28 03:00:00', 2, 1, 4),
(6, '2014-11-28 22:00:00', '2014-11-29 03:00:00', 3, 1, 4),
(7, '2014-11-29 22:00:00', '2014-11-30 03:00:00', 4, 1, 4),
(8, '2014-11-30 22:00:00', '2014-12-01 03:00:00', 5, 1, 4),
(9, '2014-12-01 22:00:00', '2014-12-02 03:00:00', 6, 1, 4),
(10, '2014-12-02 22:00:00', '2014-12-03 03:00:00', 7, 1, 4),
(11, '2014-12-03 22:00:00', '2014-12-04 03:00:00', 8, 1, 4),
(12, '2014-12-04 22:00:00', '2014-12-05 03:00:00', 9, 1, 4),
(13, '2014-12-05 22:00:00', '2014-12-06 03:00:00', 10, 1, 4),
(14, '2014-12-06 22:00:00', '2014-12-07 03:00:00', 11, 1, 4),
(15, '2014-12-07 22:00:00', '2014-12-08 03:00:00', 12, 1, 4),
(16, '2014-12-08 22:00:00', '2014-12-09 03:00:00', 13, 1, 4),
(17, '2014-11-26 22:00:00', '2014-11-27 03:00:00', 1, 2, 5),
(18, '2014-11-27 22:00:00', '2014-11-28 03:00:00', 3, 2, 5),
(19, '2014-11-28 22:00:00', '2014-11-29 03:00:00', 4, 2, 5),
(20, '2014-11-29 22:00:00', '2014-11-30 03:00:00', 5, 2, 5),
(21, '2014-11-30 22:00:00', '2014-12-01 03:00:00', 6, 2, 5),
(22, '2014-12-01 22:00:00', '2014-12-02 03:00:00', 7, 2, 5),
(23, '2014-12-02 22:00:00', '2014-12-03 03:00:00', 8, 2, 5),
(24, '2014-12-03 22:00:00', '2014-12-04 03:00:00', 9, 2, 5),
(25, '2014-12-04 22:00:00', '2014-12-05 03:00:00', 10, 2, 5),
(26, '2014-12-05 22:00:00', '2014-12-06 03:00:00', 11, 2, 5),
(27, '2014-12-06 22:00:00', '2014-12-07 03:00:00', 12, 2, 5),
(28, '2014-12-07 22:00:00', '2014-12-08 03:00:00', 13, 2, 5),
(29, '2014-12-08 22:00:00', '2014-12-09 03:00:00', 1, 3, 5),
(30, '2014-12-09 22:00:00', '2014-12-10 03:00:00', 2, 3, 5),
(31, '2014-12-10 22:00:00', '2014-12-11 03:00:00', 4, 3, 5),
(32, '2014-12-11 22:00:00', '2014-12-12 03:00:00', 5, 3, 5),
(33, '2014-12-12 22:00:00', '2014-12-13 03:00:00', 6, 3, 5),
(34, '2014-12-13 22:00:00', '2014-12-14 03:00:00', 7, 3, 5),
(35, '2014-12-14 22:00:00', '2014-12-15 03:00:00', 8, 3, 5),
(36, '2014-12-17 22:00:00', '2014-12-18 03:00:00', 9, 3, 5),
(37, '2014-12-18 22:00:00', '2014-12-19 03:00:00', 10, 3, 5),
(38, '2014-12-19 22:00:00', '2014-12-20 03:00:00', 11, 3, 5),
(39, '2014-12-20 22:00:00', '2014-12-21 03:00:00', 12, 3, 4),
(40, '2014-12-21 22:00:00', '2014-12-22 03:00:00', 13, 3, 3),
(41, '2014-12-08 22:00:00', '2014-12-09 03:00:00', 1, 4, 1),
(42, '2014-12-09 22:00:00', '2014-12-10 03:00:00', 2, 4, 1),
(43, '2014-12-10 22:00:00', '2014-12-11 03:00:00', 3, 4, 1),
(44, '2014-12-11 22:00:00', '2014-12-12 03:00:00', 5, 4, 1),
(45, '2014-12-12 22:00:00', '2014-12-13 03:00:00', 6, 4, 1),
(46, '2014-12-13 22:00:00', '2014-12-14 03:00:00', 7, 4, 1),
(47, '2014-12-14 22:00:00', '2014-12-15 03:00:00', 8, 4, 1),
(48, '2014-12-15 22:00:00', '2014-12-16 03:00:00', 9, 4, 1),
(49, '2014-12-16 22:00:00', '2014-12-17 03:00:00', 10, 4, 1),
(50, '2014-12-17 22:00:00', '2014-12-18 03:00:00', 11, 4, 1),
(51, '2014-12-18 22:00:00', '2014-12-19 03:00:00', 12, 4, 1),
(52, '2014-12-19 22:00:00', '2014-12-20 03:00:00', 13, 4, 1),
(53, '2014-12-20 22:00:00', '2014-12-21 03:00:00', 1, 5, 5),
(54, '2014-12-21 22:00:00', '2014-12-22 03:00:00', 2, 5, 4),
(55, '2014-12-22 22:00:00', '2014-12-23 03:00:00', 3, 5, 3),
(56, '2014-12-23 22:00:00', '2014-12-24 03:00:00', 4, 5, 5),
(57, '2014-12-24 22:00:00', '2014-12-25 03:00:00', 6, 5, 3),
(58, '2014-12-25 22:00:00', '2014-12-26 03:00:00', 7, 5, 1),
(59, '2014-12-26 22:00:00', '2014-12-27 03:00:00', 8, 5, 4),
(60, '2014-12-27 22:00:00', '2014-12-28 03:00:00', 9, 5, 2),
(61, '2014-12-28 22:00:00', '2014-12-29 03:00:00', 10, 5, 5),
(62, '2014-12-29 22:00:00', '2014-12-30 03:00:00', 11, 5, 3),
(63, '2014-12-30 22:00:00', '2014-12-31 03:00:00', 12, 5, 1),
(64, '2014-12-31 22:00:00', '2015-01-01 03:00:00', 13, 5, 4),
(65, '2014-11-25 22:00:00', '2014-11-26 03:00:00', 1, 6, 1),
(66, '2014-11-26 22:00:00', '2014-11-27 03:00:00', 2, 6, 1),
(67, '2014-11-27 22:00:00', '2014-11-28 03:00:00', 3, 6, 1),
(68, '2014-11-28 22:00:00', '2014-11-29 03:00:00', 4, 6, 1),
(69, '2014-11-29 22:00:00', '2014-11-30 03:00:00', 5, 6, 1),
(70, '2014-11-30 22:00:00', '2014-12-01 03:00:00', 7, 6, 1),
(71, '2014-12-01 22:00:00', '2014-12-02 03:00:00', 8, 6, 1),
(72, '2014-12-02 22:00:00', '2014-12-03 03:00:00', 9, 6, 1),
(73, '2014-12-03 22:00:00', '2014-12-04 03:00:00', 10, 6, 1),
(74, '2014-12-04 22:00:00', '2014-12-05 03:00:00', 11, 6, 1),
(75, '2014-12-05 22:00:00', '2014-12-06 03:00:00', 12, 6, 1),
(76, '2014-12-06 22:00:00', '2014-12-07 03:00:00', 13, 6, 1),
(77, '2014-12-07 22:00:00', '2014-12-08 03:00:00', 1, 7, 1),
(78, '2014-12-08 22:00:00', '2014-12-09 03:00:00', 2, 7, 2),
(79, '2014-12-09 22:00:00', '2014-12-10 03:00:00', 3, 7, 2),
(80, '2014-12-10 22:00:00', '2014-12-11 03:00:00', 4, 7, 2),
(81, '2014-12-11 22:00:00', '2014-12-12 03:00:00', 5, 7, 2),
(82, '2014-12-12 22:00:00', '2014-12-13 03:00:00', 6, 7, 2),
(83, '2014-12-13 22:00:00', '2014-12-14 03:00:00', 8, 7, 2),
(84, '2014-12-14 22:00:00', '2014-12-15 03:00:00', 9, 7, 2),
(85, '2014-12-15 22:00:00', '2014-12-16 03:00:00', 10, 7, 2),
(86, '2014-12-16 22:00:00', '2014-12-17 03:00:00', 11, 7, 2),
(87, '2014-12-17 22:00:00', '2014-12-18 03:00:00', 12, 7, 2),
(88, '2014-12-18 22:00:00', '2014-12-19 03:00:00', 13, 7, 2),
(89, '2014-12-19 22:00:00', '2014-12-20 03:00:00', 1, 8, 2),
(90, '2014-12-20 22:00:00', '2014-12-21 03:00:00', 2, 8, 1),
(91, '2014-12-21 22:00:00', '2014-12-22 03:00:00', 3, 8, 5),
(92, '2014-12-23 22:00:00', '2014-12-24 03:00:00', 4, 8, 1),
(93, '2014-12-24 22:00:00', '2014-12-25 03:00:00', 5, 8, 4),
(94, '2014-12-25 22:00:00', '2014-12-26 03:00:00', 6, 8, 2),
(95, '2014-12-26 22:00:00', '2014-12-27 03:00:00', 7, 8, 5),
(96, '2014-12-27 22:00:00', '2014-12-28 03:00:00', 9, 8, 3),
(97, '2014-12-28 22:00:00', '2014-12-29 03:00:00', 10, 8, 1),
(98, '2014-12-29 22:00:00', '2014-12-30 03:00:00', 11, 8, 4),
(99, '2014-12-30 22:00:00', '2014-12-31 03:00:00', 12, 8, 2),
(100, '2014-12-31 22:00:00', '2015-01-01 03:00:00', 13, 8, 5),
(101, '2014-11-25 22:00:00', '2014-11-26 03:00:00', 1, 9, 2),
(102, '2014-11-26 22:00:00', '2014-11-27 03:00:00', 2, 9, 2),
(103, '2014-11-27 22:00:00', '2014-11-28 03:00:00', 3, 9, 2),
(104, '2014-11-28 22:00:00', '2014-11-29 03:00:00', 4, 9, 2),
(105, '2014-11-29 22:00:00', '2014-11-30 03:00:00', 5, 9, 2),
(106, '2014-11-30 22:00:00', '2014-12-01 03:00:00', 6, 9, 2),
(107, '2014-12-01 22:00:00', '2014-12-02 03:00:00', 7, 9, 2),
(108, '2014-12-02 22:00:00', '2014-12-03 03:00:00', 8, 9, 2),
(109, '2014-12-03 22:00:00', '2014-12-04 03:00:00', 10, 9, 2),
(110, '2014-12-04 22:00:00', '2014-12-05 03:00:00', 11, 9, 2),
(111, '2014-12-05 22:00:00', '2014-12-06 03:00:00', 12, 9, 2),
(112, '2014-12-06 22:00:00', '2014-12-07 03:00:00', 13, 9, 2),
(113, '2014-12-07 22:00:00', '2014-12-08 03:00:00', 1, 10, 2),
(114, '2014-12-08 22:00:00', '2014-12-09 03:00:00', 2, 10, 3),
(115, '2014-12-09 22:00:00', '2014-12-10 03:00:00', 3, 10, 3),
(116, '2014-12-10 22:00:00', '2014-12-11 03:00:00', 4, 10, 3),
(117, '2014-12-11 22:00:00', '2014-12-12 03:00:00', 5, 10, 3),
(118, '2014-12-12 22:00:00', '2014-12-13 03:00:00', 6, 10, 3),
(119, '2014-12-13 22:00:00', '2014-12-14 03:00:00', 7, 10, 3),
(120, '2014-12-14 22:00:00', '2014-12-15 03:00:00', 8, 10, 3),
(121, '2014-12-15 22:00:00', '2014-12-16 03:00:00', 9, 10, 3),
(122, '2014-12-16 22:00:00', '2014-12-17 03:00:00', 11, 10, 3),
(123, '2014-12-17 22:00:00', '2014-12-18 03:00:00', 12, 10, 3),
(124, '2014-12-18 22:00:00', '2014-12-19 03:00:00', 13, 10, 3),
(125, '2014-12-19 22:00:00', '2014-12-20 03:00:00', 1, 11, 3),
(126, '2014-12-20 22:00:00', '2014-12-21 03:00:00', 2, 11, 2),
(127, '2014-12-21 22:00:00', '2014-12-22 03:00:00', 3, 11, 1),
(128, '2014-12-22 22:00:00', '2014-12-23 03:00:00', 4, 11, 4),
(129, '2014-12-23 22:00:00', '2014-12-24 03:00:00', 5, 11, 2),
(130, '2014-12-24 22:00:00', '2014-12-25 03:00:00', 6, 11, 5),
(131, '2014-12-25 22:00:00', '2014-12-26 03:00:00', 7, 11, 3),
(132, '2014-12-26 22:00:00', '2014-12-27 03:00:00', 8, 11, 1),
(133, '2014-12-27 22:00:00', '2014-12-28 03:00:00', 9, 11, 4),
(134, '2014-12-28 22:00:00', '2014-12-29 03:00:00', 10, 11, 2),
(135, '2014-12-29 22:00:00', '2014-12-30 03:00:00', 12, 11, 5),
(136, '2014-12-30 22:00:00', '2014-12-31 03:00:00', 13, 11, 3),
(137, '2014-11-25 22:00:00', '2014-11-26 03:00:00', 1, 12, 3),
(138, '2014-11-26 22:00:00', '2014-11-27 03:00:00', 2, 12, 3),
(139, '2014-11-27 22:00:00', '2014-11-28 03:00:00', 3, 12, 3),
(140, '2014-11-28 22:00:00', '2014-11-29 03:00:00', 4, 12, 3),
(141, '2014-11-29 22:00:00', '2014-11-30 03:00:00', 5, 12, 3),
(142, '2014-11-30 22:00:00', '2014-12-01 03:00:00', 6, 12, 3),
(143, '2014-12-01 22:00:00', '2014-12-02 03:00:00', 7, 12, 3),
(144, '2014-12-02 22:00:00', '2014-12-03 03:00:00', 8, 12, 3),
(145, '2014-12-03 22:00:00', '2014-12-04 03:00:00', 9, 12, 3),
(146, '2014-12-04 22:00:00', '2014-12-05 03:00:00', 10, 12, 3),
(147, '2014-12-05 22:00:00', '2014-12-06 03:00:00', 11, 12, 3),
(148, '2014-12-06 22:00:00', '2014-12-07 03:00:00', 13, 12, 3),
(149, '2014-12-07 22:00:00', '2014-12-08 03:00:00', 1, 13, 3),
(150, '2014-12-08 22:00:00', '2014-12-09 03:00:00', 2, 13, 4),
(151, '2014-12-09 22:00:00', '2014-12-10 03:00:00', 3, 13, 4),
(152, '2014-12-10 22:00:00', '2014-12-11 03:00:00', 4, 13, 4),
(153, '2014-12-11 22:00:00', '2014-12-12 03:00:00', 5, 13, 4),
(154, '2014-12-12 22:00:00', '2014-12-13 03:00:00', 6, 13, 4),
(155, '2014-12-13 22:00:00', '2014-12-14 03:00:00', 7, 13, 4),
(156, '2014-12-14 22:00:00', '2014-12-15 03:00:00', 8, 13, 4),
(157, '2014-12-15 22:00:00', '2014-12-16 03:00:00', 9, 13, 4),
(158, '2014-12-16 22:00:00', '2014-12-17 03:00:00', 10, 13, 4),
(159, '2014-12-17 22:00:00', '2014-12-18 03:00:00', 11, 13, 4),
(160, '2014-12-18 22:00:00', '2014-12-19 03:00:00', 12, 13, 4);

--
-- Restricciones para tablas volcadas
--

--
-- Filtros para la tabla `aeropuerto`
--
ALTER TABLE `aeropuerto`
  ADD CONSTRAINT `aeropuerto_ibfk_1` FOREIGN KEY (`cod_pcia`) REFERENCES `pcia` (`cod`);

--
-- Filtros para la tabla `asiento`
--
ALTER TABLE `asiento`
  ADD CONSTRAINT `asiento_ibfk_1` FOREIGN KEY (`cod_clase`) REFERENCES `clase` (`cod`),
  ADD CONSTRAINT `asiento_ibfk_2` FOREIGN KEY (`cod_tiene`) REFERENCES `avion` (`cod`);

--
-- Filtros para la tabla `avion`
--
ALTER TABLE `avion`
  ADD CONSTRAINT `avion_ibfk_1` FOREIGN KEY (`cod_tipo`) REFERENCES `tipo` (`cod`);

--
-- Filtros para la tabla `cuesta`
--
ALTER TABLE `cuesta`
  ADD CONSTRAINT `cuesta_ibfk_2` FOREIGN KEY (`cod_clase`) REFERENCES `clase` (`cod`);

--
-- Filtros para la tabla `pcia`
--
ALTER TABLE `pcia`
  ADD CONSTRAINT `pcia_ibfk_1` FOREIGN KEY (`cod_pais`) REFERENCES `pais` (`cod`);

--
-- Filtros para la tabla `reserva`
--
ALTER TABLE `reserva`
  ADD CONSTRAINT `reserva_ibfk_3` FOREIGN KEY (`cod_asiento`) REFERENCES `asiento` (`cod`);

--
-- Filtros para la tabla `vuelo`
--
ALTER TABLE `vuelo`
  ADD CONSTRAINT `vuelo_ibfk_3` FOREIGN KEY (`cod_asignado_a`) REFERENCES `avion` (`cod`);

/*!40101 SET CHARACTER_SET_CLIENT=@OLD_CHARACTER_SET_CLIENT */;
/*!40101 SET CHARACTER_SET_RESULTS=@OLD_CHARACTER_SET_RESULTS */;
/*!40101 SET COLLATION_CONNECTION=@OLD_COLLATION_CONNECTION */;
